Mohit Hosiery (Production),,,,,,,,,,
Fabric JW Issue Register From : 01/Apr/23 To 20/Jan/25,,,,,,,,,,
Report Date: 20/Jan/25,,,,,,,,,,
Issue No.,IssueTrDate,Party,SrNo,Lot No,Item Name,Unit,Shade,Rolls,Quantity,Process
FJWI23/000027,8-Nov-25,CENTURY NONWOVEN,1,73028,JACKET,JO-27,PCS,MIX,6,450,FILLING
FJWI23/000027,8-Nov-25,CENTURY NONWOVEN,2,73032,JACKET,JO-27,PCS,MIX,6,395,FILLING
FJWI23/000027,8-Nov-25,CENTURY NONWOVEN,3,73024,JACKET,JO-27,PCS,MIX,5,400.00,FILLING
FJWI23/000028,8-Nov-25,MAHARAJA PROCESSOR,1,MH-3892,FABRIC MH GERMAN FLEECE 340,JO-28,KGS,BLACK,55,"1,127.25",DYEING
FJWI23/000028,8-Nov-25,MAHARAJA PROCESSOR,2,MH-3893,DYED POUCHI,JO-28,KGS,"OFF-WHITE,RED",2,36.75,WASHING
FJWI23/000028,8-Nov-25,MAHARAJA PROCESSOR,3,MH-3893,DYED BORDER,JO-28,KGS,"OFF-WHITE,RED",1,25.4,WASHING
FJWI23/000401,30-Nov-23,MOHIT HOSIERY,1,1234,FABRIC DUMMY,,KGS,,40,400,DYEING
FJWI23/000481,22-Sep-23,MAHARAJA PROCESSOR,1,MH/1330,FABRIC MH PURTGAL FINE COTTON,,KGS,KORA,22,506.48,DYEING
FJWI23/000481,22-Sep-23,MAHARAJA PROCESSOR,2,MH/1330,RIB 1/1,,KGS,KORA,1,21.95,DYEING
FJWI23/000481,22-Sep-23,MAHARAJA PROCESSOR,3,MH/1329,FABRIC MH PURTGAL FINE COTTON,,KGS,KORA,21,516.3,DYEING
FJWI23/000481,22-Sep-23,MAHARAJA PROCESSOR,4,MH/1329,RIB 1/1,,KGS,KORA,1,21.66,DYEING
FJWI23/000481,22-Sep-23,MAHARAJA PROCESSOR,5,MH/1328,FABRIC MH PURTGAL FINE COTTON,,KGS,KORA,22,535.06,DYEING
FJWI23/000481,22-Sep-23,MAHARAJA PROCESSOR,6,MH/1328,RIB 1/1,,KGS,KORA,1,21.87,DYEING
FJWI23/000481,22-Sep-23,MAHARAJA PROCESSOR,7,MH/1331,FABRIC MH AMERICAN FLEECE,,KGS,KORA,9,213.42,DYEING
FJWI23/000481,22-Sep-23,MAHARAJA PROCESSOR,8,MH/1331,RIB 1/1,,KGS,KORA,2,50,DYEING
FJWI23/000482,27-Sep-23,MAHARAJA PROCESSOR,1,MH-1337,FABRIC MH PURTGAL FINE COTTON,,KGS,KORA,22,548.85,DYEING