Mohit Hosiery (Production),,,,,,,,,,,,,,,,,,,,
Fabric JW Status,,,,,,,,,,,,,,,,,,,,
Report Date: 21/Jan/25 - 6:03:53 PM,,,,,,,,,,,,,,,,,,,,
Party,Item Name,Lot No,Issue No,Issue Date,Issue Shade,Rect Shade,Remarks,Op Qty,Issue Qty,Receipt Qty,Shortage,Short Per,Balance,Op Rolls,Issue Rolls,Rect Rolls,Grey Rolls,Balance Rolls,Std Short Per,Std Shortage
ARORA BROTHER CREATIONS,SHIRT,76052 A,1341,4-Aug-26,SKY,,,76.00,,,,,76.00,1,,,,1,,
ARORA BROTHER CREATIONS,SHIRT,76052(B),1328,24-Jul-26,SKY,,,31.00,,,,,31.00,1,,,,1,,
ARORA BROTHER CREATIONS,SHIRT,76038,1205,17-Apr-26,GREY,,,651.00,,,,,651.00,6,,,,6,,
ARORA BROTHER CREATIONS,SHIRT,76052(A),1327,23-Jul-26,SKY,,,70.00,,,,,70.00,1,,,,1,,
AVON COTTEX,KORA TAPE,MH-4329,1187,27-Mar-26,RED,,,13.90,,,,,13.90,2,,,,2,,
AVON COTTEX,KORA TAPE,MH-4332,1187,27-Mar-26,KHAKHI,,,30.10,,,,,30.10,4,,,,4,,
AVON COTTEX,KORA TAPE,MH-4335,1187,27-Mar-26,NAVY,,,28.20,,,,,28.20,2,,,,2,,
AVON COTTEX,KORA TAPE,MH-4337,1187,27-Mar-26,WHITE,,,29.00,,,,,29.00,2,,,,2,,
AVON COTTEX,KORA TAPE,MH-4344,1187,27-Mar-26,ROYAL,,,8.30,,,,,8.30,1,,,,1,,
AVON COTTEX,KORA TAPE,MH-4347,1187,27-Mar-26,BLACK,,,42.65,,,,,42.65,5,,,,5,,
AVON COTTEX,FABRIC MH LYCRA MATTY,MH-4373,1200,10-Apr-26,OLIVE,,,500.80,,,,,500.80,20,,,,20,,
AVON COTTEX,FABRIC MH LYCRA SINKER,MH-4230,1164,6-Mar-26,BLUE,,,507.60,,,,,507.60,20,,,,20,,
AVON COTTEX,KORA TAPE,MH-4331,1187,27-Mar-26,BLACK,,,14.10,,,,,14.10,1,,,,1,,
AVON COTTEX,KORA COLLAR,MH-4338,1187,27-Mar-26,NAVY,,,18.40,,,,,18.40,1,,,,1,,
AVON COTTEX,KORA TAPE,MH-4343,1187,27-Mar-26,WHITE,,,8.45,,,,,8.45,2,,,,2,,
AVON COTTEX,KORA COLLAR,MH-4346,1187,27-Mar-26,CREAM,,,10.65,,,,,10.65,3,,,,3,,
AVON COTTEX,KORA TAPE,MH-4348,1187,27-Mar-26,NAVY,,,25.2,,,,,25.2,3,,,,3,,
AVON COTTEX,FABRIC MH PLAIN PIQUE NON-LYCRA,MH-1393,511,27-Nov-23,D NAVY,D NAVY,MERCERISE 20645,22.75,,,,,22.75,1,,,,1,,
AVON COTTEX,COLLAR,MH-4375,1211,22-Apr-26,CK TONE,,,37.10,,,,,37.10,2,,,,2,,
AVON COTTEX,RIB 1/1,MH-4232,1164,6-Mar-26,NAVY,,,25.65,,,,,25.65,1,,,,1,,
AVON COTTEX,KORA COLLAR,MH-4328,1187,27-Mar-26,OFF WHITE,,,33.95,,,,,33.95,4,,,,4,,
AVON COTTEX,KORA COLLAR,MH-4329,1187,27-Mar-26,RED,,,17.00,,,,,17.00,1,,,,1,,
AVON COTTEX,KORA COLLAR,MH-4332,1187,27-Mar-26,KHAKHI,,,34.00,,,,,34.00,4,,,,4,,
AVON COTTEX,KORA TAPE,MH-4342,1187,27-Mar-26,RED,,,45.25,,,,,45.25,6,,,,6,,
AVON COTTEX,COLLAR,MH-1396,562,10-Jan-24,,,,48.05,,,,,48.05,4,,,,4,,
AVON COTTEX,TAPE,MH-1396,562,10-Jan-24,,,,36.50,,,,,36.50,4,,,,4,,
AVON COTTEX,FABRIC 50S CTN INTERLOCK,259354C,1034,29-Oct-25,GREY,GREY,,12.20,,,,,12.20,,,,,,,
AVON COTTEX,FABRIC MH LYCRA SINKER,MH-4318,1171,12-Mar-26,RUST,,,522.5,,,,,522.5,20,,,,20,,
AVON COTTEX,RIB 1/1,MH-4318,1171,12-Mar-26,RUST,,,25.75,,,,,25.75,1,,,,1,,
AVON COTTEX,KORA COLLAR,MH-4347,1187,27-Mar-26,BLACK,,,55.55,,,,,55.55,8,,,,8,,
AVON COTTEX,FABRIC MH LYCRA SINKER,MH-INK,844,17-Jan-25,NEON YELLOW,,,142.10,,,,,142.10,11,,,,11,,
AVON COTTEX,COLLAR,MH-3872,1042,5-Nov-25,AIR FORCE,,,48.70,,,,,48.70,3,,,,3,,
AVON COTTEX,COLLAR,MH-3853,1037,1-Nov-25,RFD,RFD,,10.75,,,,,10.75,1,,,,1,,
AVON COTTEX,TAPE,MH-4375,1211,22-Apr-26,CK TONE,,,25.65,,,,,25.65,2,,,,2,,
AVON COTTEX,KORA TAPE,MH-4327,1187,27-Mar-26,OFF WHITE,,,28.15,,,,,28.15,2,,,,2,,
AVON COTTEX,KORA COLLAR,MH-4331,1187,27-Mar-26,BLACK,,,16.3,,,,,16.3,2,,,,2,,
AVON COTTEX,KORA TAPE,MH-4333,1187,27-Mar-26,WHITE,,,28.45,,,,,28.45,4,,,,4,,
AVON COTTEX,KORA TAPE,MH-4341,1187,27-Mar-26,ROYAL,,,15.05,,,,,15.05,2,,,,2,,
AVON COTTEX,KORA COLLAR,MH-4342,1187,27-Mar-26,RED,,,52.70,,,,,52.70,7,,,,7,,
AVON COTTEX,KORA COLLAR,MH-4344,1187,27-Mar-26,ROYAL,,,10.65,,,,,10.65,4,,,,4,,
AVON COTTEX,KORA COLLAR,MH-4348,1187,27-Mar-26,NAVY,,,31.10,,,,,31.10,5,,,,5,,
AVON COTTEX,KORA COLLAR,MH-4349,1187,27-Mar-26,BLACK,,,32.15,,,,,32.15,5,,,,5,,
AVON COTTEX,KORA MH DOUBLE PK NON LYCRA,MH-4326,1180,20-Mar-26,,,,415.10,,,,,415.10,16,,,,16,,
AVON COTTEX,FABRIC 50S CTN INTERLOCK,259354,1034,29-Oct-25,OFF WHITE,SKY,,50.20,,,,,50.20,2,,,,2,,
AVON COTTEX,FABRIC MH LYCRA SINKER GOLD FINISH,MH-3996,1077,5-Dec-25,BLACK,,,292.15,,,,,292.15,12,,,,12,,
AVON COTTEX,KORA COLLAR,MH-4182,1132,5-Feb-26,WHITE,,,51.70,,,,,51.70,4,,,,4,,
AVON COTTEX,KORA COLLAR,MH-4333,1187,27-Mar-26,WHITE,,,33.25,,,,,33.25,4,,,,4,,
AVON COTTEX,KORA COLLAR,MH-4334,1187,27-Mar-26,BLACK,,,20.70,,,,,20.70,2,,,,2,,
AVON COTTEX,KORA COLLAR,MH-4336,1187,27-Mar-26,WHITE,,,34.05,,,,,34.05,3,,,,3,,
AVON COTTEX,KORA COLLAR,MH-4339,1187,27-Mar-26,ROYAL,,,33.75,,,,,33.75,2,,,,2,,
AVON COTTEX,KORA TAPE,MH-4339,1187,27-Mar-26,ROYAL,,,31.45,,,,,31.45,2,,,,2,,
AVON COTTEX,KORA COLLAR,MH-4340,1187,27-Mar-26,CREAM,,,3.45,,,,,3.45,1,,,,1,,
AVON COTTEX,KORA TAPE,MH-4340,1187,27-Mar-26,CREAM,,,3.00,,,,,3.00,1,,,,1,,
AVON COTTEX,KORA COLLAR,MH-4341,1187,27-Mar-26,ROYAL,,,16.70,,,,,16.70,1,,,,1,,
AVON COTTEX,KORA COLLAR,MH-4345,1187,27-Mar-26,BLACK,,,10.75,,,,,10.75,3,,,,3,,
AVON COTTEX,KORA TAPE,MH-4346,1187,27-Mar-26,CREAM,,,7.95,,,,,7.95,1,,,,1,,
AVON COTTEX,KORA TAPE,MH-4349,1187,27-Mar-26,BLACK,,,24.55,,,,,24.55,3,,,,3,,
AVON COTTEX,TAPE,MH-3872,1042,5-Nov-25,AIR FORCE,,,37.5,,,,,37.5,3,,,,3,,
AVON COTTEX,FABRIC MH LYCRA MATTY,MH-4296,1150,25-Feb-26,WHITE,,,504.80,,,,,504.80,20,,,,20,,
AVON COTTEX,KORA COLLAR,MH-4141,1093,29-Dec-25,OFF WHITE,,,48.60,,,,,48.60,3,,,,3,,
AVON COTTEX,FABRIC 50S CTN INTERLOCK,MH-4272,1144,18-Feb-26,,,,317.35,,,,,317.35,13,,,,13,,
AVON COTTEX,KORA TAPE,MH-4182,1132,5-Feb-26,WHITE,,,56.90,,,,,56.90,5,,,,5,,
AVON COTTEX,KORA COLLAR,MH-4330,1187,27-Mar-26,WHITE,,,17.00,,,,,17.00,1,,,,1,,
AVON COTTEX,KORA TAPE,MH-4330,1187,27-Mar-26,WHITE,,,15.20,,,,,15.20,1,,,,1,,
AVON COTTEX,KORA TAPE,MH-4334,1187,27-Mar-26,BLACK,,,18.15,,,,,18.15,2,,,,2,,
AVON COTTEX,KORA COLLAR,MH-4337,1187,27-Mar-26,WHITE,,,33.25,,,,,33.25,4,,,,4,,
AVON COTTEX,KORA TAPE,MH-4338,1187,27-Mar-26,NAVY,,,14.50,,,,,14.50,1,,,,1,,
AVON COTTEX,KORA COLLAR,MH-4343,1187,27-Mar-26,WHITE,,,10.75,,,,,10.75,3,,,,3,,
AVON COTTEX,KORA TAPE,MH-4345,1187,27-Mar-26,BLACK,,,8.55,,,,,8.55,1,,,,1,,
AVON COTTEX,FABRIC MH LYCRA MATTY,MH-4252,1136,11-Feb-26,,,,504.80,,,,,504.80,20,,,,20,,
AVON COTTEX,FABRIC MH PLAIN MATTY (P.K) NON-LYCRA,MH-3872,1042,5-Nov-25,AIR FORCE,,,390.15,,,,,390.15,15,,,,15,,
AVON COTTEX,FABRIC MH LYCRA MATTY,MH-4295,1150,25-Feb-26,,,,503.35,,,,,503.35,20,,,,20,,
AVON COTTEX,RIB 1/1,MH-4230,1164,6-Mar-26,BLUE,,,25.1,,,,,25.1,1,,,,1,,
AVON COTTEX,KORA TAPE,MH-4328,1187,27-Mar-26,OFF WHITE,,,29.30,,,,,29.30,2,,,,2,,
AVON COTTEX,KORA COLLAR,MH-4335,1187,27-Mar-26,NAVY,,,32.90,,,,,32.90,2,,,,2,,
AVON COTTEX,KORA TAPE,MH-4336,1187,27-Mar-26,WHITE,,,30.00,,,,,30.00,4,,,,4,,
AVON COTTEX,COLLAR,MH-4373,1200,10-Apr-26,OLIVE,,,62.55,,,,,62.55,4,,,,4,,
AVON COTTEX,TAPE,MH-4373,1200,10-Apr-26,OLIVE,,,44.3,,,,,44.3,4,,,,4,,
AVON COTTEX,FABRIC MH LYCRA SINKER,MH-4141,1093,29-Dec-25,OFF WHITE,,,305.05,,,,,305.05,12,,,,12,,
AVON COTTEX,KORA TAPE,MH-4141,1093,29-Dec-25,OFF WHITE,,,38.80,,,,,38.80,4,,,,4,,
AVON COTTEX,FABRIC 50S CTN INTERLOCK,MH-4270,1144,18-Feb-26,BLACK,,,329.00,,,,,329.00,13,,,,13,,
AVON COTTEX,COLLAR,MH-4376,1211,22-Apr-26,RED,,,36.35,,,,,36.35,2,,,,2,,
AVON COTTEX,TAPE,MH-4376,1211,22-Apr-26,RED,,,25.70,,,,,25.70,2,,,,2,,
AVON COTTEX,FABRIC MH LYCRA SINKER,MH-4232,1164,6-Mar-26,NAVY,,,508.2,,,,,508.2,20,,,,20,,
AVON COTTEX,KORA COLLAR,MH-4327,1187,27-Mar-26,OFF WHITE,,,33.9,,,,,33.9,2,,,,2,,
BERI INTERNATIONAL,FABRIC SULPHUR DYED DRILL TCTM,JO-06.,1024,18-Oct-25,L.BROWN,,,420.00,,,,,420.00,4,,,,4,,
BERI INTERNATIONAL,POLYBAG,.,1055,14-Nov-25,,,,300.00,,,,,300.00,1,,,,1,,
BERI INTERNATIONAL,FABRIC GSTAR TCTM,JO-17,1036,30-Oct-25,L.GREY,,,308,,,,,308,3,,,,3,,
BERI INTERNATIONAL,FABRIC GSTAR TCTM,JO-17..,1036,30-Oct-25,KHAKHI,,,325.00,,,,,325.00,3,,,,3,,
BERI INTERNATIONAL,P-OX-C-39190,JO-63A,1082,12-Dec-25,MIX,,,110.00,,,,,110.00,1,,,,1,,
BERI INTERNATIONAL,FABRIC (TWEED),JO-966..,966,20-Aug-25,COFFEE,,,127.30,,,,,127.30,2,,,,2,,
BERI INTERNATIONAL,FABRIC CHECK GT,JO-25.,1044,7-Nov-25,TAN,,,2.00,,,,,2.00,1,,,,1,,
BERI INTERNATIONAL,P-OX-C-39190,JO-63,1082,12-Dec-25,MIX,,,110,,,,,110,1,,,,1,,
BERI INTERNATIONAL,38154,JO-63F,1082,12-Dec-25,MIX,,,100.00,,,,,100.00,1,,,,1,,
BERI INTERNATIONAL,FABRIC (TWEED),JO-20.,1039,3-Nov-25,BLACK,,,219.80,,,,,219.80,4,,,,4,,
BERI INTERNATIONAL,FABRIC (TWEED),JO-20..,1039,3-Nov-25,OFF WHITE,,,215.00,,,,,215.00,4,,,,4,,
BERI INTERNATIONAL,FABRIC GSTAR TCTM,JO-17.,1036,30-Oct-25,BLACK,,,100.00,,,,,100.00,1,,,,1,,
BERI INTERNATIONAL,38154,JO-63D,1082,12-Dec-25,MIX,,,87,,,,,87,1,,,,1,,
BERI INTERNATIONAL,38154,JO-63E,1082,12-Dec-25,MIX,,,110,,,,,110,1,,,,1,,
BERI INTERNATIONAL,FABRIC (TWEED),JO-966,966,20-Aug-25,NAVY,,,109.60,,,,,109.60,2,,,,2,,
BERI INTERNATIONAL,FABRIC (TWEED),JO-966...,966,20-Aug-25,BLACK,,,109.80,,,,,109.80,2,,,,2,,
BERI INTERNATIONAL,FABRIC SULPHUR DYED DRILL TCTM,JO-06,1024,18-Oct-25,OLIVE,,,403.50,,,,,403.50,4,,,,4,,
BERI INTERNATIONAL,FABRIC SULPHUR DYED DRILL TCTM,JO-06...,1024,18-Oct-25,BLACK,,,447.00,,,,,447.00,4,,,,4,,
BERI INTERNATIONAL,FABRIC HD,JO-17......,1036,30-Oct-25,COFFEE,,,300.00,,,,,300.00,3,,,,3,,
BERI INTERNATIONAL,FABRIC (TWEED),JO-20.....,1039,3-Nov-25,NAVY,,,54.70,,,,,54.70,1,,,,1,,
BERI INTERNATIONAL,WASHCARE,..,1055,14-Nov-25,,,,400.00,,,,,400.00,1,,,,1,,
BERI INTERNATIONAL,FABRIC GSTAR TCTM,JO-17...,1036,30-Oct-25,PISTA,,,203,,,,,203,2,,,,2,,
BERI INTERNATIONAL,P-OX-C-39190,JO-63C,1082,12-Dec-25,MIX,,,110,,,,,110,1,,,,1,,
BERI INTERNATIONAL,FABRIC (TWEED),JO-966....,966,20-Aug-25,OFF WHITE,,,108.70,,,,,108.70,2,,,,2,,
BERI INTERNATIONAL,P-OX-C-39190,JO-63B,1082,12-Dec-25,MIX,,,110,,,,,110,1,,,,1,,
BERI INTERNATIONAL,38154,JO-63G,1082,12-Dec-25,MIX,,,106.00,,,,,106.00,1,,,,1,,
BERI INTERNATIONAL,FABRIC (TWEED),JO-20,1039,3-Nov-25,TAN,,,226.2,,,,,226.2,4,,,,4,,
BERI INTERNATIONAL,FABRIC (TWEED),JO-20...,1039,3-Nov-25,KHAKHI,,,214.20,,,,,214.20,4,,,,4,,
BERI INTERNATIONAL,FABRIC HD,JO-17.....,1036,30-Oct-25,BLACK,,,400,,,,,400,4,,,,4,,
BERI INTERNATIONAL,FABRIC (TWEED),JO-966.,966,20-Aug-25,KHAKI,,,109.50,,,,,109.50,2,,,,2,,
BERI INTERNATIONAL,FABRIC SULPHUR DYED DRILL TCTM,JO-06..,1024,18-Oct-25,COFFEE,,,337,,,,,337,4,,,,4,,
BERI INTERNATIONAL,FABRIC (TWEED),JO-20....,1039,3-Nov-25,COFFEE,,,263.30,,,,,263.30,4,,,,4,,
BERI INTERNATIONAL,FABRIC GSTAR TCTM,JO-17....,1036,30-Oct-25,OLIVE,,,333,,,,,333,3,,,,3,,
BERI INTERNATIONAL,MIX-UNSORTED,JO-63H,1082,12-Dec-25,MIX,,,456.50,,,,,456.50,3,,,,3,,
CENTURY NONWOVEN,JACKET,73074(A),1343,5-Aug-26,PK GREEN,,,116.00,,,,,116.00,1,,,,1,,
CENTURY NONWOVEN,JACKET,62115(A),1343,5-Aug-26,ORANGE,,,30,,,,,30,1,,,,1,,
CENTURY NONWOVEN,JACKET,62114,1307,9-Jul-26,GREY,,,320.00,,,,,320.00,3,,,,3,,
CENTURY NONWOVEN,JACKET,62115,1307,9-Jul-26,RED,,,265,,,,,265,2,,,,2,,
CENTURY NONWOVEN,JACKET,73075,1325,22-Jul-26,BLACK,,,2.00,,,,,2.00,236,,,,236,,
CENTURY NONWOVEN,JACKET,JO-292,1307,9-Jul-26,,,AS SAMPLE,1.00,,,,,1.00,1,,,,1,,
CENTURY NONWOVEN,JACKET,73074(B),1343,5-Aug-26,COFFEE,,,112.00,,,,,112.00,1,,,,1,,
CENTURY NONWOVEN,JACKET,62113,1325,22-Jul-26,D.GREY,D.GREY,,2.00,,2,,,,215,,1,215,,,
CENTURY NONWOVEN,JACKET,JACKET(AS SAMPLE),1325,22-Jul-26,,,,1.00,,,,,1.00,2,,,,2,,
CENTURY NONWOVEN,JACKET,73074,1325,22-Jul-26,D.NAVY,,,8.00,,,,,8.00,872,,,,872,,
CENTURY NONWOVEN,JACKET,73076,1325,22-Jul-26,BLACK,,,1.00,,,,,1.00,232,,,,232,,
EAKTA DYEING & FINISHING HOUSE,RIB 1/1,MH-4248,1173,16-Mar-26,,,,26.00,,,,,26.00,1,,,,1,,
EAKTA DYEING & FINISHING HOUSE,FABRIC MH PLAIN MATTY (P.K) NON-LYCRA,MH-4243,1141,16-Feb-26,OFF WHITE,L.OFF WHITE,,26.00,,,,,26.00,1,,,,1,,
EAKTA DYEING & FINISHING HOUSE,FABRIC MH PLAIN MATTY (P.K) NON-LYCRA,MH-4243(R),1184,25-March-26,ROYAL,ROYAL,,-26,,,,,-26,-1,,,,-1,,
EAKTA DYEING & FINISHING HOUSE,RIB 1/1,MH-4251,1173,16-Mar-26,,KORA,,-25.20,,,,,-25.20,-1,,,,-1,,
EAKTA DYEING & FINISHING HOUSE,RIB 1/1,MH-3585,930,15-Jul-25,ROYAL,OLIVE,GOLD FINISH,-26.70,,,,,-26.70,-2,,,,-2,,
JAWLIA HOSIERY WORKS,FABRIC,JO-08..,1027,23-Oct-25,COFFEE,,,6.4,,,,,6.4,1,,,,1,,
JAWLIA HOSIERY WORKS,FABRIC,JO-103I,1122,30-Jan-26,R.GREEN,,,23.82,,,,,23.82,1,,,,1,,
JAWLIA HOSIERY WORKS,FABRIC,JO-103E,1122,30-Jan-26,NAVY,,,12.70,,,,,12.70,1,,,,1,,
JAWLIA HOSIERY WORKS,FABRIC,JO-103J,1122,30-Jan-26,YELLOW,,,24.70,,,,,24.70,1,,,,1,,
JAWLIA HOSIERY WORKS,FABRIC,JO-103M,1122,30-Jan-26,RED,,,24.42,,,,,24.42,1,,,,1,,
JAWLIA HOSIERY WORKS,FABRIC,JO-103N,1122,30-Jan-26,ICE.BLUE,,,32.12,,,,,32.12,1,,,,1,,
JAWLIA HOSIERY WORKS,FABRIC MH UK LYCRA,11923(A),1359,19-Aug-26,WHITE,,,23.60,,,,,23.60,1,,,,1,,
JAWLIA HOSIERY WORKS,FABRIC MH SAP MATTI,JO-347,1364,20-Aug-26,WHITE,,,127.74,,,,,127.74,5,,,,5,,
JAWLIA HOSIERY WORKS,FABRIC UK LYCRA - GT,JO-59,1078,5-Dec-25,MIX,,,53.54,,,,,53.54,1,,,,1,,
JAWLIA HOSIERY WORKS,FABRIC,JO-155,1172,12-Mar-26,MIX,,,25.31,,,,,25.31,1,,,,1,,
JAWLIA HOSIERY WORKS,FABRIC,JO-103,1122,30-Jan-26,M.GREY,,,10.80,,,,,10.80,1,,,,1,,
JAWLIA HOSIERY WORKS,FABRIC,JO-103L,1122,30-Jan-26,SURF,,,32.62,,,,,32.62,1,,,,1,,
JAWLIA HOSIERY WORKS,FABRIC,JO-153,1170,12-Mar-26,MIX,,,25.50,,,,,25.50,1,,,,1,,
JAWLIA HOSIERY WORKS,FABRIC,JO-08,1027,23-Oct-25,WHITE,,,22.26,,,,,22.26,1,,,,1,,
JAWLIA HOSIERY WORKS,FABRIC,JO-08.,1027,23-Oct-25,BEIGE,,,5.60,,,,,5.60,1,,,,1,,
JAWLIA HOSIERY WORKS,FABRIC,JO-08...,1027,23-Oct-25,R.GREEN,,,4.72,,,,,4.72,1,,,,1,,
JAWLIA HOSIERY WORKS,FABRIC,JO-146,1163,5-Mar-26,MIX,,,75.50,,,,,75.50,4,,,,4,,
JAWLIA HOSIERY WORKS,FABRIC,JO-153B,1170,12-Mar-26,MIX,,,79.78,,,,,79.78,3,,,,3,,
JAWLIA HOSIERY WORKS,FABRIC MH FINE COTTON,MIX,1340,4-Aug-26,MIX,,,19.00,,,,,19.00,1,,,,1,,
JAWLIA HOSIERY WORKS,FABRIC,JO-175,1191,30-Mar-26,WHITE,,,48.24,,,,,48.24,2,,,,2,,
JAWLIA HOSIERY WORKS,FABRIC LYCRA SINKER,JO-59C,1078,5-Dec-25,BLACK,,,27.22,,,,,27.22,1,,,,1,,
JAWLIA HOSIERY WORKS,FABRIC LYCRA SINKER,JO-59D,1078,5-Dec-25,R.GREEN,,,22.80,,,,,22.80,1,,,,1,,
JAWLIA HOSIERY WORKS,FABRIC,JO-97,1116,27-Jan-26,MIX,,,122.96,,,,,122.96,4,,,,4,,
JAWLIA HOSIERY WORKS,FABRIC,JO-103O,1122,30-Jan-26,BLACK,,,22.28,,,,,22.28,1,,,,1,,
JAWLIA HOSIERY WORKS,FABRIC,JO-167,1183,25-Mar-26,MIX,MIX,,5.72,,,,,5.72,1,,,,1,,
JAWLIA HOSIERY WORKS,FABRIC,JO-103A,1122,30-Jan-26,RED,,,10.10,,,,,10.10,1,,,,1,,
JAWLIA HOSIERY WORKS,FABRIC,JO-103B,1122,30-Jan-26,ROYAL,,,9.20,,,,,9.20,1,,,,1,,
JAWLIA HOSIERY WORKS,FABRIC,JO-103C,1122,30-Jan-26,Z.GREY,,,10.00,,,,,10.00,1,,,,1,,
JAWLIA HOSIERY WORKS,FABRIC,JO-103F,1122,30-Jan-26,BLACK,,,25.00,,,,,25.00,1,,,,1,,
JAWLIA HOSIERY WORKS,FABRIC,JO-103K,1122,30-Jan-26,ORANGE,,,34.60,,,,,34.60,1,,,,1,,
JAWLIA HOSIERY WORKS,FABRIC,JO-103D,1122,30-Jan-26,SAGE,,,10.06,,,,,10.06,1,,,,1,,
JAWLIA HOSIERY WORKS,FABRIC,JO-103H,1122,30-January-26,L.BEIGE,,,10.10,,,,,10.10,1,,,,1,,
JAWLIA HOSIERY WORKS,FABRIC,JO-169,1185,27-Mar-26,MIX,,,38.36,,,,,38.36,1,,,,1,,
JAWLIA HOSIERY WORKS,FABRIC,JO-153A,1170,12-Mar-26,MIX,,,80.89,,,,,80.89,3,,,,3,,
JAWLIA HOSIERY WORKS,FABRIC MH UK LYCRA,11923,1359,19-Aug-26,GREEN,,,7.88,,,,,7.88,1,,,,1,,
JAWLIA HOSIERY WORKS,FABRIC MILITARY PRINT TWILL CEMO TCTM,JO-59B,1078,5-Dec-25,L.GREY,,,38.26,,,,,38.26,1,,,,1,,
JAWLIA HOSIERY WORKS,FABRIC,JO-103G,1122,30-Jan-26,COFFEE,,,10.74,,,,,10.74,1,,,,1,,
JAWLIA HOSIERY WORKS,FABRIC MILITARY PRINT TWILL CEMO TCTM,JO-59A,1078,5-Dec-25,D.GREY,,,49.66,,,,,49.66,1,,,,1,,
KALIA WOOLEN MILLS,FABRIC D#506 PD,JO-01.....,994,18-Sep-25,PEANUT,,,700.00,,,,,700.00,7,,,,7,,
KALIA WOOLEN MILLS,FABRIC D#506 PD,JO-01....,994,18-Sep-25,BLACK,,,700.00,,,,,700.00,7,,,,7,,
KALIA WOOLEN MILLS,FABRIC D#506 PD,JO-01...,994,18-Sep-25,NAVY,,,700.00,,,,,700.00,7.00,,,,7,,
KALIA WOOLEN MILLS,FABRIC D#506 PD,JO.01,994,18-Sep-25,SNOW,,,700.00,,,,,700.00,7,,,,7,,
KALIA WOOLEN MILLS,FABRIC D#506 PD,JO-01..,994,18-Sep-25,OLIVE,,,700.00,,,,,700.00,7,,,,7,,
KALIA WOOLEN MILLS,FABRIC D#506 PD,J0-01.,994,18-Sep-25,KHAKHI,,,700.00,,,,,700.00,7,,,,7,,
KALIA WOOLLEN MILLS,FABRIC HD,JO.,1001,26-Sep-25,BLACK,,DIAMOND QUILTING,"1,000.00",,,,,"1,000.00",10,,,,10,,
KALIA WOOLLEN MILLS,JACKET,73016..,1025,18-Oct-25,NAVY,,FILLING,110.00,,,,,110.00,1,,,,1,,
KALIA WOOLLEN MILLS,JACKET,73043,1060,19-Nov-25,COFFEE,,,120.00,,,,,120.00,1,,,,1,,
KALIA WOOLLEN MILLS,JACKET,73041,1060,19-November-25,GREY,,,120.00,,,,,120.00,1,,,,1,,
KALIA WOOLLEN MILLS,FABRIC HD,JO....,1001,26-Sep-25,GREY,,DIAMOND QUILTING,500.00,,,,,500.00,5,,,,5,,
KALIA WOOLLEN MILLS,JACKET,JO-997.,997,22-Sep-25,OLIVE,,FILLING,175.00,,,,,175.00,1,,,,1,,
KALIA WOOLLEN MILLS,JACKET,73013....,1019,14-Oct-25,COFFEE,,FILLING,115.00,,,,,115.00,4,,,,4,,
KALIA WOOLLEN MILLS,JACKET,73013.....,1019,14-Oct-25,RED,,FILLING,110.00,,,,,110.00,4,,,,4,,
KALIA WOOLLEN MILLS,JACKET,73016,1019,14-Oct-25,D.GREY,,FILLING,115.00,,,,,115.00,2,,,,2,,
KALIA WOOLLEN MILLS,JACKET,73016...,1025,18-Oct-25,D.GREY,,FILLINGH,115.00,,,,,115.00,1,,,,1,,
KALIA WOOLLEN MILLS,JACKET,73016....,1025,18-Oct-25,GREEN,,FILLING,115.00,,,,,115.00,1,,,,1,,
KALIA WOOLLEN MILLS,JACKET,73029,1057,15-Nov-25,COFFEE,,,95.00,,,,,95.00,1,,,,1,,
KALIA WOOLLEN MILLS,JACKET,73013,1019,14-Oct-25,CAMEL,,FILLING,115.00,,,,,115.00,4,,,,4,,
KALIA WOOLLEN MILLS,JACKET,73029,1057,15-Nov-25,FAWN,,,90.00,,,,,90.00,1,,,,1,,
KALIA WOOLLEN MILLS,JACKET,73016.......,1060,19-Nov-25,WHITE,,,110.00,,,,,110.00,1,,,,1,,
KALIA WOOLLEN MILLS,JACKET,73017,1014,8-Oct-25,OLIVE,,FILLING,80.00,,,,,80.00,1,,,,1,,
KALIA WOOLLEN MILLS,JACKET,73017....,1014,8-Oct-25,DEEP GREY,,FILLING,115.00,,,,,115.00,1,,,,1,,
KALIA WOOLLEN MILLS,JACKET,73023,1014,8-Oct-25,BLACK,,FILLING,125,,,,,125,1,,,,1,,
KALIA WOOLLEN MILLS,JACKET,773019,1025,18-Oct-25,L.OLIVE,,FILLING,105,,,,,105,1,,,,1,,
KALIA WOOLLEN MILLS,JACKET,73019,1025,18-Oct-25,OLIVE,,FILLING,110.00,,,,,110.00,1,,,,1,,
KALIA WOOLLEN MILLS,JACKET,73043,1060,19-Nov-25,OLIVE,,,120.00,,,,,120.00,1,,,,1,,
KALIA WOOLLEN MILLS,JACKET,73043..,1060,19-Nov-25,KHAKHI,,,120.00,,,,,120.00,1,,,,1,,
KALIA WOOLLEN MILLS,FABRIC HD,JO...,1001,26-Sep-25,OFF WHITE,,DIAMOND QUILTING,100.00,,,,,100.00,1,,,,1,,
KALIA WOOLLEN MILLS,JACKET,JO-997,997,22-Sep-25,BLACK,,FILLING,175.00,,,,,175.00,1,,,,1,,
KALIA WOOLLEN MILLS,JACKET,73013,1019,14-Oct-25,L.GREY,,FILLING,110.00,,,,,110.00,4,,,,4,,
KALIA WOOLLEN MILLS,JACKET,73019..,1025,18-Oct-25,LEAF,,FILLING,115.00,,,,,115.00,1,,,,1,,
KALIA WOOLLEN MILLS,JACKET,73029....,1057,15-Nov-25,BLACK,,,95.00,,,,,95.00,1,,,,1,,
KALIA WOOLLEN MILLS,JACKET,73016......,1057,15-Nov-25,FAWN,,,110.00,,,,,110.00,1,,,,1,,
KALIA WOOLLEN MILLS,JACKET,73041,1060,19-Nov-25,OLIVE,,,120.00,,,,,120.00,1,,,,1,,
KALIA WOOLLEN MILLS,JACKET,73041..,1060,19-Nov-25,COFFEE,,,120.00,,,,,120.00,1,,,,1,,
KALIA WOOLLEN MILLS,FABRIC HD,JO......,1001,26-Sep-25,FAWN,,DIAMOND QUILTING,200.00,,,,,200.00,2,,,,2,,
KALIA WOOLLEN MILLS,JACKET,73017..,1014,8-Oct-25,BROWN,,filling,110.00,,,,,110.00,1,,,,1,,
KALIA WOOLLEN MILLS,JACKET,73029...,1057,15-Nov-25,OLIVE,,,95.00,,,,,95.00,1,,,,1,,
KALIA WOOLLEN MILLS,JACKET,73016.....,1057,15-Nov-25,B.GREEN,,,115.00,,,,,115.00,1,,,,1,,
KALIA WOOLLEN MILLS,FABRIC HD,JO.....,1001,26-Sep-25,OLIVE,,DIAMOND QUILTING,500,,,,,500,5,,,,5,,
KALIA WOOLLEN MILLS,JACKET,73017,1014,8-Oct-25,MOUSE,,filling,85,,,,,85,1,,,,1,,
KALIA WOOLLEN MILLS,FABRIC HD,JO..,1001,26-Sep-25,NAVY,,DIAMOND QUILTING,200.00,,,,,200.00,2,,,,2,,
KALIA WOOLLEN MILLS,JACKET,73016,1019,14-Oct-25,NAVY,,FILLING,110.00,,,,,110.00,2,,,,2,,
KALIA WOOLLEN MILLS,JACKET,73013......,1019,14-Oct-25,FAWN,,FILLING,110.00,,,,,110.00,4,,,,4,,
KALIA WOOLLEN MILLS,JACKET,73013...,1019,14-Oct-25,BLACK,,FILLING,110.00,,,,,110.00,4,,,,4,,
KALIA WOOLLEN MILLS,JACKET,73029..,1057,15-Nov-25,D.GREY,,,95.00,,,,,95.00,1,,,,1,,
KALIA WOOLLEN MILLS,JACKET,73023,1014,8-Oct-25,OLIVE,,FILLING,125.00,,,,,125.00,1,,,,1,,
KALIA WOOLLEN MILLS,JACKET,73013..,1019,14-Oct-25,OLIVE,,FILLING,110.00,,,,,110.00,4,,,,4,,
MAHARAJA PROCESSOR,FABRIC MH FLEECE,MH-4540,1347,7-Aug-26,WHITE,,,524.60,,,,,524.60,20,,,,20,,
MAHARAJA PROCESSOR,RIB 1/1,MH-4541,1349,8-Aug-26,RED,,,83.20,,,,,83.20,4,,,,4,,
MAHARAJA PROCESSOR,RIB 1/1,MH-4543(A),1350,10-Aug-26,15% MILLANGE,,,126.90,,,,,126.90,6,,,,6,,
MAHARAJA PROCESSOR,RIB,MH-4464 (R),1350,10-Aug-26,CREAM,,,78.18,,,,,78.18,4,,,,4,,
MAHARAJA PROCESSOR,RIB 1/1,MH-4554,1360,19-Aug-26,,,,85.20,,,,,85.20,4,,,,4,,
MAHARAJA PROCESSOR,FABRIC MH FLEECE,MH-4555,1362,20-Aug-26,LT.BEIGE,,4509,504.65,,,,,504.65,20,,,,20,,
MAHARAJA PROCESSOR,FABRIC MH PLAIN MATTY (P.K) NON-LYCRA,MH-3295,824,18-Jan-25,,,,7.25,,,,,7.25,1,,,,1,,
MAHARAJA PROCESSOR,FABRIC RICE KNIT,MH-4045,1097,2-Jan-26,,NAVY,,29.44,,,,,29.44,,,,,,,
MAHARAJA PROCESSOR,FABRIC MH HEAVY COTTON,MH-4525,1337,29-Jul-26,RFD,,,"1,115.70",,,,,"1,115.70",45,,,,45,,
MAHARAJA PROCESSOR,FABRIC MH FLEECE,MH-4537,1347,7-Aug-26,OLIVE,,,520.35,,,,,520.35,20,,,,20,,
MAHARAJA PROCESSOR,RIB 1/1,MH-4537,1347,7-Aug-26,OLIVE,,,84.00,,,,,84.00,4,,,,4,,
MAHARAJA PROCESSOR,RIB 1/1,MH-4540,1347,7-Aug-26,WHITE,,,83.00,,,,,83.00,4,,,,4,,
MAHARAJA PROCESSOR,FABRIC MH FLEECE,MH-4541,1349,8-Aug-26,RED,,,521.40,,,,,521.40,20,,,,20,,
MAHARAJA PROCESSOR,FABRIC MH FLEECE 15% MLG,MH-4551,1354,14-Aug-26,15% MILLANGE,,,"1,332.60",,,,,"1,332.60",50,,,,50,,
MAHARAJA PROCESSOR,FABRIC MH FLEECE 15% MLG,MH-4553,1360,19-Aug-26,15% MILLANGE,,,"1,315.50",,,,,"1,315.50",50,,,,50,,
MAHARAJA PROCESSOR,RIB 1/1,MH-4365,1189,28-Mar-26,,BLACK,,50.60,,,,,50.60,2,,,,2,,
MAHARAJA PROCESSOR,DYED COLLAR,MH-3533...,910,18-Jun-25,RED,,,28.80,,,,,28.80,4,,,,4,,
MAHARAJA PROCESSOR,DYED TAPE,MH-3533...,910,18-Jun-25,RED,,,23.50,,,,,23.50,4,,,,4,,
MAHARAJA PROCESSOR,DYED TAPE,MH-3533.....,910,18-Jun-25,KHAKI,,,7.90,,,,,7.90,1,,,,1,,
MAHARAJA PROCESSOR,RIB 1/1,MH-4438,1236,20-May-26,BLACK,,,82.65,,,,,82.65,4,,,,4,,
MAHARAJA PROCESSOR,FABRIC MH FLEECE,MH-4530,1339,3-Aug-26,PEACOCK,,,520.05,,,,,520.05,20,,,,20,,
MAHARAJA PROCESSOR,RIB 1/1,MH-4530,1339,3-Aug-26,PEACOCK,,,82.80,,,,,82.80,4,,,,4,,
MAHARAJA PROCESSOR,RIB 1/1,MH-4532,1339,3-Aug-26,OFF WHITE,,,83.40,,,,,83.40,4,,,,4,,
MAHARAJA PROCESSOR,RIB 1/1,MH-4539,1347,7-Aug-26,NAVY,,,83.55,,,,,83.55,4,,,,4,,
MAHARAJA PROCESSOR,RIB 1/1,MH-4545,1349,8-Aug-26,WHITE,,,82.50,,,,,82.50,4,,,,4,,
MAHARAJA PROCESSOR,RIB 1/1,MH-4557,1362,20-Aug-26,BLACK,,4437,63.95,,,,,63.95,3,,,,3,,
MAHARAJA PROCESSOR,RIB 1/1,MH-4558,1362,20-Aug-26,RFD,,,397.00,,,,,397.00,15,,,,15,,
MAHARAJA PROCESSOR,RIB 1/1,MH-4553,1360,19-Aug-26,15% MILLANGE,,,214.95,,,,,214.95,10,,,,10,,
MAHARAJA PROCESSOR,FABRIC MH FLEECE,MH-4559,1366,21-Aug-26,BLACK,,4437,"1,290.20",,,,,"1,290.20",50,,,,50,,
MAHARAJA PROCESSOR,RIB 1/1,MH-4559,1366,21-Aug-26,BLACK,,4437,127.05,,,,,127.05,6,,,,6,,
MAHARAJA PROCESSOR,FABRIC MH P/C FLEECE ( KORA 317 ),MH-4365,1189,28-Mar-26,,BLACK,,157.70,,,,,157.70,6.00,,,,6,,
MAHARAJA PROCESSOR,FABRIC MH JAPANESE LYCRA S/J,MH-3112,793,23-Nov-24,BLACK MIX,BLACK MIX,,26.00,,,,,26.00,1,,,,1,,
MAHARAJA PROCESSOR,FABRIC MH FLEECE,MH-4532,1339,3-Aug-26,OFF WHITE,,,518.65,,,,,518.65,20,,,,20,,
MAHARAJA PROCESSOR,FABRIC MH AMERICAN FINE COTTON,MH-1687,605,13-Feb-24,,LEMON,,-24.00,,,,,-24.00,-1,,,,-1,,
MAHARAJA PROCESSOR,FABRIC RICE KNIT,MH-4066,1152,25-Feb-26,,,,248.90,,,,,248.90,10,,,,10,,
MAHARAJA PROCESSOR,FABRIC RICE KNIT,MH-4068,1152,25-Feb-26,,,,248.90,,,,,248.90,10,,,,10,,
MAHARAJA PROCESSOR,FABRIC RICE KNIT,MH-4035,1096,2-Jan-26,WHITE,WHITE,4024,10.00,,,,,10.00,1,,,,1,,
MAHARAJA PROCESSOR,KORA MH WAFFLE,MH-4529,1339,3-Aug-26,BLACK,,,300.80,,,,,300.80,12,,,,12,,
MAHARAJA PROCESSOR,FABRIC MH FLEECE,MH-4539,1347,7-Aug-26,NAVY,,,523.10,,,,,523.10,20,,,,20,,
MAHARAJA PROCESSOR,FABRIC MH FLEECE,MH-4545,1349,8-Aug-26,WHITE,,,519.20,,,,,519.20,20,,,,20,,
MAHARAJA PROCESSOR,RIB,MH-4490(R),1350,10-Aug-26,CREAM,,,78.86,,,,,78.86,4,,,,4,,
MAHARAJA PROCESSOR,KORA MH FLEECE 15% MLG,MH-4549,1353,13-Aug-26,15% MILLANGE,,,"1,305.65",,,,,"1,305.65",50,,,,50,,
MAHARAJA PROCESSOR,RIB 1/1,MH-4555,1362,20-Aug-26,LT.BEIGE,,4509,84.95,,,,,84.95,4,,,,4,,
MAHARAJA PROCESSOR,FABRIC MH MESH,JO-270,1285,24-Jun-26,BLACK,BLACK,,97.00,,,,,97.00,4,,,,4,,
MAHARAJA PROCESSOR,RIB 1/1,MH-1980,720,1-Jul-24,BLACK,,,101.80,,,,,101.80,4,,,,4,,
MAHARAJA PROCESSOR,DYED COLLAR,MH-3533....,910,18-Jun-25,OFF WHITE,,,2.70,,,,,2.70,1,,,,1,,
MAHARAJA PROCESSOR,DYED TAPE,MH-3533....,910,18-Jun-25,OFF WHITE,,,2.40,,,,,2.40,1,,,,1,,
MAHARAJA PROCESSOR,KORA TAPE,MH-4528,1337,29-Jul-26,RFD,,,92.90,,,,,92.90,8,,,,8,,
MAHARAJA PROCESSOR,FABRIC MH FLEECE,MH-4556,1362,20-Aug-26,DENIM,,4434,505.80,,,,,505.80,20,,,,20,,
MAHARAJA PROCESSOR,FABRIC MH AMERICAN FINE COTTON,MH-1454 (R),610,17-Feb-24,BLACK,,,24.30,,,,,24.30,1,,,,1,,
MAHARAJA PROCESSOR,RIB 1/1,MH-4525,1337,29-Jul-26,RFD,,,42.75,,,,,42.75,2,,,,2,,
MAHARAJA PROCESSOR,KORA COLLAR,MH-4528,1337,29-July-26,RFD,,,118.95,,,,,118.95,7,,,,7,,
MAHARAJA PROCESSOR,KORA MH WAFFLE,MH-4535,1344,5-Aug-26,PURE WHITE,,,303.80,,,,,303.80,12,,,,12,,
MAHARAJA PROCESSOR,KORA MH FLEECE 15% MLG,MH-4552,1356,18-Aug-26,15% MILLANGE,,,"1,309.60",,,,,"1,309.60",50,,,,50,,
MAHARAJA PROCESSOR,RIB 1/1,MH-4544,1349,8-Aug-26,BLACK,,,84.25,,,,,84.25,4,,,,4,,
MAHARAJA PROCESSOR,RIB 1/1,MH-4551,1354,14-Aug-26,15% MILLANGE,,,192.15,,,,,192.15,9,,,,9,,
MAHARAJA PROCESSOR,FABRIC MH FLEECE,MH-4554,1360,19-Aug-26,,,,522.2,,,,,522.2,20,,,,20,,
MAHARAJA PROCESSOR,RIB 1/1,MH-4556,1362,20-Aug-26,DENIM,,4434,84.75,,,,,84.75,4,,,,4,,
MAHARAJA PROCESSOR,DYED COLLAR,MH-3533.....,910,18-Jun-25,KHAKI,,,10.90,,,,,10.90,1,,,,1,,
MAHARAJA PROCESSOR,FABRIC MH FLEECE,MH-4520,1317,16-Jul-26,BLACK,BLACK,,211.00,,,,,211.00,8,,,,8,,
MAHARAJA PROCESSOR,RIB 1/1,MH-4535,1344,5-Aug-26,PURE WHITE,,,20.8,,,,,20.8,1,,,,1,,
MAHARAJA PROCESSOR,FABRIC MH FLEECE,MH-4544,1349,8-Aug-26,BLACK,,,521.00,,,,,521.00,20,,,,20,,
MAHARAJA PROCESSOR,RIB 1/1,MH-4549,1353,13-Aug-26,15% MILLANGE,,,211.20,,,,,211.20,10,,,,10,,
MAHARAJA PROCESSOR,FABRIC MH FLEECE,MH-4557,1362,20-Aug-26,BLACK,,4437,497.75,,,,,497.75,20,,,,20,,
MAHARAJA PROCESSOR,FABRIC MH MESH,JO-270 (D),1285,24-June-26,ROYAL,WHITE,,-68.00,,,,,-68.00,-3,,,,-3,,
MAHARAJA PROCESSOR,FABRIC MH RUSSIAN FLEECE,MH-1980,720,1/Jul-2024,BLACK,,,537.15,,,,,537.15,21,,,,21,,
MAHARAJA PROCESSOR,FABRIC MH LYCRA MATTY ELITE,MH-2063,740,17/Aug-2024,BEIGE,,,25.95,,,,,25.95,1,,,,1,,
MAHARAJA PROCESSOR,FABRIC MH FINE COTTON,RP-006,1165,06/Mar/26,N.YELLOW,N.YELLOW,,24.20,,,,,24.20,1,,,,1,,
MAHARAJA PROCESSOR,RIB 1/1,MH-4552,1356,18/Aug/26,15% MILLANGE,,,214.10,,,,,214.10,10,,,,10,,
MEGALINE DYEING AND FINISHING HOUSE,RFD HOODIE SWEAT SHIRT,11855/BAG LOT NO-2,1361,19/Aug/26,,,,150,,,,,150,4,,,,4,,
MEGALINE DYEING AND FINISHING HOUSE,T-SHIRT RFD R/N LYCRA FULL DOC/S,11865/BAG LOT NO.2,1365,21/Aug/26,,,,361.00,,,,,361.00,3,,,,3,,
MEGALINE DYEING AND FINISHING HOUSE,T-SHIRT RFD R/N LYCRA FULL DOC/S,11865/BAG LOT NO.4,1365,21/Aug/26,,,,361.00,,,,,361.00,3,,,,3,,
MEGALINE DYEING AND FINISHING HOUSE,R/N RFD LYCRA T-SHIRT,11786 /BAG LOT 6,1305,08/Jul/26,,,,370.00,,,,,370.00,3,,,,3,,
MEGALINE DYEING AND FINISHING HOUSE,RFD R/N H/S T-SHIRT,11809/BAG LOT 2,1323,18/Jul/26,,,,361.00,,,,,361.00,3,,,,3,,
MEGALINE DYEING AND FINISHING HOUSE,RFD R/N H/S T-SHIRT,11809/BAG LOT 8,1323,18/Jul/26,,,,361.00,,,,,361.00,3,,,,3,,
MEGALINE DYEING AND FINISHING HOUSE,T-SHIRT R/N RFD,11759/2/8 COLOUR,1241,26/May/26,,,,-311.00,,,,,-311.00,-3,,,,-3,,
MEGALINE DYEING AND FINISHING HOUSE,RFD HOODIE SWEAT SHIRT,11855/BAG LOT NO 3,1352,12/Aug/26,,,,152.00,,,,,152.00,4,,,,4,,
MEGALINE DYEING AND FINISHING HOUSE,FLEECE RFD LOWER,11773/BAG LOT NO.2,1355,14/Aug/26,,,,150.00,,,,,150.00,4,,,,4,,
MEGALINE DYEING AND FINISHING HOUSE,FLEECE RFD LOWER,11835/BAG LOT NO.4,1363,20/August/26,,,,150,,,,,150,4,,,,4,,
MEGALINE DYEING AND FINISHING HOUSE,LILEN JACKET,PRODUCTION SAMPLE.,1363,20/Aug/26,,,,1,,,,,1,1,,,,1,,
MEGALINE DYEING AND FINISHING HOUSE,T-SHIRT RFD R/N LYCRA FULL DOC/S,11865/BAG LOT NO.1,1365,21/August/26,,,,361.00,,,,,361.00,3,,,,3,,
MEGALINE DYEING AND FINISHING HOUSE,LINEN LOWER,11734,1297,1/July/26,CHIKU,CHIKU,,152,,152,,,,2,,1,2,,,
MEGALINE DYEING AND FINISHING HOUSE,R/N RFD LYCRA T-SHIRT,11801/BAG LOT 5,1304,07/Jul/26,,,,46.00,,46,,,,1,,1,1,,,
MEGALINE DYEING AND FINISHING HOUSE,R/N RFD LYCRA T-SHIRT,11801/BAG LOT 6,1304,07/Jul/26,,,,363.00,,363,,,,3,,1,3,,,
MEGALINE DYEING AND FINISHING HOUSE,RFD R/N H/S T-SHIRT,11809/ BAG LOT 1,1326,22/Jul/26,,,,370.00,,,,,370.00,3,,,,3,,
MEGALINE DYEING AND FINISHING HOUSE,RFD R/N H/S T-SHIRT,11809/BAG LOT 1,1323,18/Jul/26,,,,362.00,,,,,362.00,3,,,,3,,
MEGALINE DYEING AND FINISHING HOUSE,RFD HOODIE SWEAT SHIRT,11855/BAG LOT NO 5,1352,12/Aug/26,,,,136.00,,,,,136.00,4,,,,4,,
MEGALINE DYEING AND FINISHING HOUSE,RFD HOODIE SWEAT SHIRT,11842/BAG LOT NO-2,1358,18/Aug/26,,,,150.00,,,,,150.00,5,,,,5,,
MEGALINE DYEING AND FINISHING HOUSE,RFD HOODIE SWEAT SHIRT,SAMPLE,1358,18/Aug/26,,,SAMPLE,1.00,,,,,1.00,1,,,,1,,
MEGALINE DYEING AND FINISHING HOUSE,RFD R/N SWEAT SHIRT,11894/BAG LOT NO.3,1361,19/August/26,,,,150.00,,,,,150.00,3,,,,3,,
MEGALINE DYEING AND FINISHING HOUSE,RFD R/N SWEAT SHIRT,11894/BAG LOT NO.5,1361,19/Aug/26,,,,150.00,,,,,150.00,3,,,,3,,
MEGALINE DYEING AND FINISHING HOUSE,FLEECE RFD LOWER,11818/BAG LOT NO.3,1363,20/August/26,,,,150.00,,,,,150.00,4,,,,4,,
MEGALINE DYEING AND FINISHING HOUSE,FLEECE RFD LOWER,11820/BAG LOT NO.8,1363,20/Aug/26,,,,150.00,,,,,150.00,3,,,,3,,
MEGALINE DYEING AND FINISHING HOUSE,FLEECE RFD LOWER,11835/BAG LOT NO.5,1363,20/August/26,,,,150.00,,,,,150.00,4,,,,4,,
MEGALINE DYEING AND FINISHING HOUSE,T-SHIRT RFD R/N LYCRA FULL DOC/S,11865/BAG LOT NO.3,1365,21/Aug/26,,,,361.00,,,,,361.00,3,,,,3,,
MEGALINE DYEING AND FINISHING HOUSE,LILEN JACKET,62129,1365,21/Aug/26,STONE,,,615.00,,,,,615.00,14,,,,14,,
MEGALINE DYEING AND FINISHING HOUSE,R/N RFD LYCRA T-SHIRT,11801/BAG LOT 7,1304,07/Jul/26,,,,366.00,,366,,,,3,,1,3,,,
MEGALINE DYEING AND FINISHING HOUSE,RFD R/N H/S T-SHIRT,11809/BAG LOT 5,1323,18/Jul/26,,,,364.00,,,,,364.00,3,,,,3,,
MEGALINE DYEING AND FINISHING HOUSE,RFD R/N H/S T-SHIRT,11809/ BAG LOT 3,1326,22/Jul/26,,,,355.00,,,,,355.00,3,,,,3,,
MEGALINE DYEING AND FINISHING HOUSE,DYED SULPHER WASH LOWER,61213,1345,05/Aug/26,OLIVE,OLIVE,,300.00,,300,,,,5,,1,5,,,
MEGALINE DYEING AND FINISHING HOUSE,RFD HOODIE SWEAT SHIRT,11855/BAG LOT NO 4,1352,12/Aug/26,,,,150.00,,,,,150.00,4,,,,4,,
MEGALINE DYEING AND FINISHING HOUSE,JACKET,11825,1355,14/Aug/26,D.OLIVE,D.OLIVE,,434.00,,434,,,,8,,1,8,,,
MEGALINE DYEING AND FINISHING HOUSE,RFD FULL SLEEVE LYCRA T-SHIRT,11864/ BAG LOT NO.1,1355,14/Aug/26,,,,360.00,,,,,360.00,3,,,,3,,
MEGALINE DYEING AND FINISHING HOUSE,RFD FULL SLEEVE LYCRA T-SHIRT,11864/BAG LOT NO.5,1355,14/Aug/26,,,,360.00,,,,,360.00,3,,,,3,,
MEGALINE DYEING AND FINISHING HOUSE,RFD HOODIE SWEAT SHIRT,11855/BAG LOT NO-1,1361,19/Aug/26,,,,150.00,,,,,150.00,4,,,,4,,
MEGALINE DYEING AND FINISHING HOUSE,FLEECE RFD LOWER,11820/BAG LOT NO.10,1363,20/August/26,,,,150.00,,,,,150.00,3,,,,3,,
MEGALINE DYEING AND FINISHING HOUSE,R/N RFD LYCRA T-SHIRT,11801/BAG LOT 4,1304,07/Jul/26,,,,365.00,,365,,,,3,,1,3,,,
MEGALINE DYEING AND FINISHING HOUSE,R/N RFD LYCRA T-SHIRT,11786 /BAG LOT 4,1305,8/Jul/26,,,,370.00,,,,,370.00,3,,,,3,,
MEGALINE DYEING AND FINISHING HOUSE,RFD R/N H/S T-SHIRT,11809/ BAG LOT 2,1326,22/Jul/26,,,,366.00,,,,,366.00,3,,,,3,,
MEGALINE DYEING AND FINISHING HOUSE,RFD R/N H/S T-SHIRT,11809/BAG LOT 4,1323,18/Jul/26,,,,363.00,,,,,363.00,3,,,,3,,
MEGALINE DYEING AND FINISHING HOUSE,RFD R/N H/S T-SHIRT,11809/BAG LOT 9,1323,18-Jul-26,,,,364,,,,,364,3,,,,3,,
MEGALINE DYEING AND FINISHING HOUSE,R/N F/S RFD LYCRA T-SHIRT,11839/BAG LOT 4,1326,22/Jul/26,,,,305.00,,305,,,,3,,1,3,,,
MEGALINE DYEING AND FINISHING HOUSE,FLEECE RFD HOODIE,11771(A),1338,31/Jul/26,,,,9.00,,9,,,,1,,1,1,,,
MEGALINE DYEING AND FINISHING HOUSE,T-SHIRT R/N RFD,11769/BAG LOT NO.8,1278,18/June/26,BLACK,BLACK,,6.00,,,,,6.00,1.00,,,,1,,
MEGALINE DYEING AND FINISHING HOUSE,RFD HOODIE SWEAT SHIRT,11855/BAG LOT NO 6,1352,12/Aug/26,,,,151.00,,,,,151.00,4,,,,4,,
MEGALINE DYEING AND FINISHING HOUSE,RFD HOODIE SWEAT SHIRT,11855/BAG LOT NO.5,1357,18/Aug/26,,,,152.00,,,,,152.00,4.00,,,,4,,
MEGALINE DYEING AND FINISHING HOUSE,RFD HOODIE SWEAT SHIRT,11855/BAG LOT NO.,1357,18/August/26,,,,150.00,,,,,150.00,4,,,,4,,
MEGALINE DYEING AND FINISHING HOUSE,RFD FULL SLEEVE LYCRA T-SHIRT,11864/BAG LOT NO.3,1355,14/Aug/26,,,,363.00,,,,,363.00,3,,,,3,,
MEGALINE DYEING AND FINISHING HOUSE,FLEECE RFD HOODIE,11773/BAG LOT NO. 1,1355,14/Aug/26,,,,150.00,,,,,150.00,5,,,,5,,
MEGALINE DYEING AND FINISHING HOUSE,RFD R/N SWEAT SHIRT,11894/BAG LOT NO.1,1361,19/Aug/26,,,,150.00,,,,,150.00,3,,,,3,,
MEGALINE DYEING AND FINISHING HOUSE,RFD R/N SWEAT SHIRT,11894/BAG LOT NO.2,1361,19/Aug/26,,,,150.00,,,,,150.00,3,,,,3,,
MEGALINE DYEING AND FINISHING HOUSE,RFD R/N SWEAT SHIRT,11894/BAG LOT NO.10,1361,19/Aug/26,,,,150.00,,,,,150.00,3.00,,,,3,,
MEGALINE DYEING AND FINISHING HOUSE,FLEECE RFD LOWER,11820/BAG LOT NO.9,1363,20/Aug/26,,,,150.00,,,,,150.00,3,,,,3,,
MEGALINE DYEING AND FINISHING HOUSE,T-SHIRT RFD R/N LYCRA FULL DOC/S,11865/BAG LOT NO.5,1365,21-Aug-26,,,,360.00,,,,,360.00,3,,,,3,,
MEGALINE DYEING AND FINISHING HOUSE,SHIRT (LILEN),11732,1297,1/Jul/26,CHIKU,CHIKU,,150.00,,150,,,,3,,1,3,,,
MEGALINE DYEING AND FINISHING HOUSE,R/N RFD LYCRA T-SHIRT,11801/BAG LOT 3,1304,7/July/26,,,,364.00,,364,,,,3,,2,3,,,
MEGALINE DYEING AND FINISHING HOUSE,R/N RFD LYCRA T-SHIRT,11801/BAG LOT 9,1304,7-Jul-26,,,,361.00,,361,,,,3,,1,3,,,
MEGALINE DYEING AND FINISHING HOUSE,R/N RFD LYCRA T-SHIRT,11786 /BAG LOT 2,1305,8-Jul-26,,,,372.00,,,,,372.00,3.00,,,,3,,
MEGALINE DYEING AND FINISHING HOUSE,FLEECE RFD HOODIE,11771,1336,28-Jul-26,,,,585.00,,585,,,,18,,1,18,,,
MEGALINE DYEING AND FINISHING HOUSE,DYED SULPHER WASH LOWER,61254,1345,5-Aug-26,BROWN,BROWN,,342.00,,342.00,,,,5,,1,5,,,
MEGALINE DYEING AND FINISHING HOUSE,RFD HOODIE SWEAT SHIRT,11855/BAG LOT NO 2,1352,12-Aug-26,,,,151.00,,,,,151.00,4.00,,,,4,,
MEGALINE DYEING AND FINISHING HOUSE,RFD HOODIE SWEAT SHIRT,11855/BAG LOT NO.4,1357,18-Aug-26,,,,153.00,,,,,153.00,4,,,,4,,
MEGALINE DYEING AND FINISHING HOUSE,RFD HOODIE SWEAT SHIRT,11855/BAG LOT NO.6,1357,18-Aug-26,,,,150.00,,,,,150.00,4,,,,4,,
MEGALINE DYEING AND FINISHING HOUSE,FLEECE RFD HOODIE,11774/BAG LOT NO.1,1355,14-Aug-26,,,,150.00,,,,,150.00,4,,,,4,,
MEGALINE DYEING AND FINISHING HOUSE,RFD HOODIE SWEAT SHIRT,11842/BAG LOT NO.1,1358,18-Aug-26,,,,150.00,,,,,150.00,5,,,,5,,
MEGALINE DYEING AND FINISHING HOUSE,R/N RFD LYCRA T-SHIRT,11786 /BAG LOT 7,1305,8-Jul-26,,,,371.00,,,,,371.00,3.00,,,,3,,
MEGALINE DYEING AND FINISHING HOUSE,RFD R/N H/S T-SHIRT,11809/BAG LOT 7,1323,18-Jul-26,,,,362.00,,,,,362.00,3,,,,3,,
MEGALINE DYEING AND FINISHING HOUSE,RFD FULL SLEEVE LYCRA T-SHIRT,11864/ BAG LOT NO.2,1355,14-Aug-26,,,,360.00,,,,,360.00,3,,,,3,,
MEGALINE DYEING AND FINISHING HOUSE,FLEECE RFD LOWER,11774/BAG LOT NO.2,1355,14-Aug-26,,,,150.00,,,,,150.00,4,,,,4,,
MEGALINE DYEING AND FINISHING HOUSE,RFD HOODIE SWEAT SHIRT,11842/BAG LOT NO.4,1358,18-Aug-26,,,,150.00,,,,,150.00,5,,,,5,,
MEGALINE DYEING AND FINISHING HOUSE,FLEECE RFD LOWER,11835/BAG LOT NO.6,1363,20-Aug-26,,,,150.00,,,,,150.00,4,,,,4,,
MEGALINE DYEING AND FINISHING HOUSE,FLEECE RFD LOWER,11835/BAG LOT NO.7,1363,20-Aug-26,,,,154.00,,,,,154.00,4.00,,,,4,,
MEGALINE DYEING AND FINISHING HOUSE,RFD KNIT FULLS SLEEVE R/N,SAMPLE,1363,20-August-26,,,,1.00,,,,,1.00,1.00,,,,1,,
MEGALINE DYEING AND FINISHING HOUSE,R/N RFD LYCRA T-SHIRT,11801/BAG LOT 2,1304,7-Jul-26,,,,364.00,,364,,,,3,,1,3,,,
MEGALINE DYEING AND FINISHING HOUSE,R/N RFD LYCRA T-SHIRT,11801/BAG LOT 8,1304,7-Jul-26,,,,363.00,,363,,,,3,,1,3,,,
MEGALINE DYEING AND FINISHING HOUSE,R/N F/S RFD LYCRA T-SHIRT,11839/BAG LOT 5,1326,22-Jul-26,,,,301.00,,301.00,,,,3.00,,1,3,,,
MEGALINE DYEING AND FINISHING HOUSE,R/N F/S RFD LYCRA T-SHIRT,11839/BAG LOT 7,1326,22-Jul-26,,,,300.00,,300.00,,,,3.00,,1,3,,,
MEGALINE DYEING AND FINISHING HOUSE,RFD H/C LOWER,11811+11812+11813,1348,7-Aug-26,BLACK,,,"1,362.00",,,,,"1,362.00",18.00,,,,18,,
MEGALINE DYEING AND FINISHING HOUSE,JACKET,73070(A),1348,7-Aug-26,BLACK,BLACK,,442.00,,442,,,,12.00,,1,12,,,
MEGALINE DYEING AND FINISHING HOUSE,RFD LOOPER LYCRA LOWER,61237+61238,1345,5-Aug-26,BLACK,BLACK,,763.00,,763.00,,,,14.00,,1,14,,,
MEGALINE DYEING AND FINISHING HOUSE,RFD HOODIE SWEAT SHIRT,11855/BAG LOT NO 1,1352,12-Aug-26,,,,150.00,,,,,150.00,4.00,,,,4,,
MEGALINE DYEING AND FINISHING HOUSE,RFD HOODIE SWEAT SHIRT,11855/BAG LOT NO.3,1357,18-Aug-26,,,,152.00,,,,,152.00,4,,,,4,,
MEGALINE DYEING AND FINISHING HOUSE,FLEECE RFD HOODIE,11773/BAG LOT NO.2,1355,14-Aug-26,,,,150.00,,,,,150.00,4,,,,4,,
MEGALINE DYEING AND FINISHING HOUSE,FLEECE RFD LOWER,11774/BAG LOT NO.3,1355,14-Aug-26,,,,150.00,,,,,150.00,4.00,,,,4,,
MEGALINE DYEING AND FINISHING HOUSE,RFD HOODIE SWEAT SHIRT,11842/BAG LOT NO.3,1358,18-Aug-26,,,,150.00,,,,,150.00,5.00,,,,5,,
MEGALINE DYEING AND FINISHING HOUSE,RFD R/N SWEAT SHIRT,11894/BAG LOT NO.6,1361,19-Aug-26,,,,150.00,,,,,150.00,3,,,,3,,
MEGALINE DYEING AND FINISHING HOUSE,FLEECE RFD LOWER,11818/BAG LOT NO.2,1363,20-Aug-26,,,,153.00,,,,,153.00,4.00,,,,4,,
MEGALINE DYEING AND FINISHING HOUSE,R/N RFD LYCRA T-SHIRT,11786 /BAG LOT 3,1305,8-Jul-26,,,,370.00,,,,,370.00,3.00,,,,3,,
MEGALINE DYEING AND FINISHING HOUSE,RFD R/N H/S T-SHIRT,11809/BAG LOT 3,1323,18-Jul-26,,,,364.00,,,,,364.00,3,,,,3,,
MEGALINE DYEING AND FINISHING HOUSE,RFD R/N H/S T-SHIRT,11809/BAG LOT 6,1323,18-Jul-26,,,,361.00,,,,,361.00,3.00,,,,3,,
MEGALINE DYEING AND FINISHING HOUSE,FLEECE RFD HOODIE,11772,1338,31-Jul-26,,,,1.00,,1,,,,1.00,,1,1,,,
MEGALINE DYEING AND FINISHING HOUSE,R/N F/S RFD LYCRA T-SHIRT,11839/BAG LOT 6,1326,22-Jul-26,,,,301.00,,301,,,,3.00,,1,3,,,
MEGALINE DYEING AND FINISHING HOUSE,FLEECE RFD LOWER,11772,1336,28-Jul-26,,,,594,,594,45,7.58,,18,,1,18,,,
MEGALINE DYEING AND FINISHING HOUSE,RFD FLEECE R/N THOKA,SAMPLE,1342,04-Aug-26,,,,1.00,,,,,1.00,1,,,,1,,
MEGALINE DYEING AND FINISHING HOUSE,RFD HOODIE SWEAT SHIRT,11855/BAG LOT NO.1,1357,18-Aug-26,,,,150.00,,,,,150.00,4.00,,,,4,,
MEGALINE DYEING AND FINISHING HOUSE,RFD HOODIE SWEAT SHIRT,11855/BAG LOT NO.2,1357,18-Aug-26,,,,151,,,,,151,4,,,,4,,
MEGALINE DYEING AND FINISHING HOUSE,RFD FULL SLEEVE LYCRA T-SHIRT,11864/BAG LOT NO.4,1355,14-Aug-26,,,,237.00,,,,,237.00,2.00,,,,2,,
MEGALINE DYEING AND FINISHING HOUSE,RFD R/N SWEAT SHIRT,11894/BAG LOT NO.4,1361,19-Aug-26,,,,150.00,,,,,150.00,3,,,,3,,
MEGALINE DYEING AND FINISHING HOUSE,RFD R/N SWEAT SHIRT,11894/BAG LOT NO.7,1361,19-Aug-26,,,,150,,,,,150,3,,,,3,,
MEGALINE DYEING AND FINISHING HOUSE,RFD R/N SWEAT SHIRT,11894/BAG LOT NO.8,1361,19-Aug-26,,,,150.00,,,,,150.00,3.00,,,,3,,
MEGALINE DYEING AND FINISHING HOUSE,RFD R/N SWEAT SHIRT,11894/BAG LOT NO.9,1361,19-Aug-26,,,,150.00,,,,,150.00,3.00,,,,3,,
MEGALINE DYEING AND FINISHING HOUSE,FLEECE RFD LOWER,11818/BAG LOT NO.1,1363,20-Aug-26,,,,151,,,,,151,4,,,,4,,
MOHIT HOSIERY,FABRIC DUMMY,1234,401,30-Nov-23,,,,400,,,,,400,40,,,,40,,
MONGIA INTERNATIONAL,FABRIC,JO-279,1294,30-Jun-26,,,,"3,000.00",,,,,"3,000.00",1.00,,,,1,,
MONGIA INTERNATIONAL,FABRIC DENIM TEXTILE,11881,1331,28-Jul-26,MIX,,,16.08,,,,,16.08,1,,,,1,,
MONGIA INTERNATIONAL,WINDCHEATER,SAMPLE,1331,28-Jul-26,,,,1,,,,,1,1,,,,1,,
P.S KNITWEARS,YARN 2/20 COTTON DYED,10638,1075,22-Aug-25,OFF WHITE,,,166.2,,,,,166.2,4,,,,4,,
P.S KNITWEARS,YARN 2/20 COTTON DYED,10469,1075,22-Aug-25,D.GREEN,,,151.6,,,,,151.6,4,,,,4,,
P.S KNITWEARS,YARN 2/20 COTTON DYED,10826,1074,26-Jun-25,OFF WHITE,,,63.90,,,,,63.90,2.00,,,,2,,
P.S KNITWEARS,YARN 2/20 COTTON DYED,14683A,1279,19-Jun-26,DK NAVY,,,116.72,,,,,116.72,4.00,,,,4,,
P.S KNITWEARS,YARN 2/20 COTTON DYED,14683,1013,8-Oct-25,D.NAVY,,,141.80,,,,,141.80,4.00,,,,4,,
P.S KNITWEARS,YARN 2/20 COTTON DYED,10360,1075,22-Aug-25,BLACK,,,132.20,,,,,132.20,4.00,,,,4,,
P.S KNITWEARS,YARN 2/20 COTTON DYED,10496,1279,19-Jun-26,DK NAVY,,,95.10,,,,,95.10,3.00,,,,3,,
P.S KNITWEARS,YARN 2/20 COTTON DYED,10445,1279,19-Jun-26,RED,,,44.57,,,,,44.57,1.00,,,,1,,
P.S KNITWEARS,YARN 2/20 COTTON DYED,10331,1013,8-Oct-25,CAMEL,,,131.50,,,,,131.50,4.00,,,,4,,
P.S KNITWEARS,YARN 2/20 COTTON DYED,10225,1279,19-Jun-26,BLACK,,,110.07,,,,,110.07,4.00,,,,4,,
P.S KNITWEARS,YARN 2/20 COTTON DYED,10306A,1279,19-Jun-26,BLACK,,,247.24,,,,,247.24,8.00,,,,8,,
P.S KNITWEARS,YARN 2/20 COTTON DYED,14706,1013,8-Oct-25,D.RED,,,145.90,,,,,145.90,4.00,,,,4,,
RAMAL FABRICS,RIB 1/1,MH-3110.,871,27-Feb-25,CAMEL,,,19.12,,,,,19.12,1.00,,,,1,,
SANGITA COLLECTION,FABRIC MH UK LYCRA,JO-230,1245,29-May-26,MIX,,,65.22,,,,,65.22,2.00,,,,2,,
SANGITA COLLECTION,FABRIC SINKER,JO-255,1270,16-Jun-26,MIX,,,11.12,,,,,11.12,1,,,,1,,
SANGITA COLLECTION,FABRIC MH UK LYCRA,MH-62076/MH-62077,1321,17-Jul-26,MIX,,,15.38,,,,,15.38,1,,,,1,,
SANGITA COLLECTION,FABRIC MH COTTON LYCRA,11806,1330,25-Jul-26,AQUA,,,4.02,,,,,4.02,1.00,,,,1,,
SANGITA COLLECTION,FABRIC MH COTTON LYCRA,11806/2,1330,25-Jul-26,D.GREY,,,4.92,,,,,4.92,1.00,,,,1,,
SANGITA COLLECTION,FABRIC TWILL TERRY,JO-253,1268,15-Jun-26,MIX,,,22.62,,,,,22.62,1.00,,,,1,,
SANGITA COLLECTION,FABRIC MH TWILL PRINT,JO-230,1245,29-May-26,MIX,,,52.34,,,,,52.34,1.00,,,,1,,
SANGITA COLLECTION,FABRIC SAP MATTY,JO-309,1324,20-Jul-26,WHITE,,,125.65,,,,,125.65,5,,,,5,,
SANGITA COLLECTION,FABRIC MH COTTON LYCRA,11807,1330,25-Jul-26,BLACK,,,10.32,,,,,10.32,1,,,,1,,
SANGITA COLLECTION,FABRIC MH UK LYCRA,JO-291,1306,9-Jul-26,MIX,,,9.40,,,,,9.40,1.00,,,,1,,
SANGITA COLLECTION,FABRIC MH SINKER,JO-235,1250,4-Jun-26,WHITE,,,24.58,,,,,24.58,1.00,,,,1,,
SANGITA COLLECTION,FABRIC ROAD STAR,JO-253,1268,15-Jun-26,MIX,,,25.7,,,,,25.7,1,,,,1,,
SANGITA COLLECTION,FABRIC POLY HONEY COMB,JO-285,1300,4-Jul-26,MIX,,,75.44,,,,,75.44,3,,,,3,,
SANGITA COLLECTION,FABRIC MH UK LYCRA,JO-283,1298,2-Jul-26,MIX,,,20.12,,,,,20.12,2,,,,2,,
SANGITA COLLECTION,FABRIC MH ARMY CLOTH MATTY,JO-296,1311,13-Jul-26,MIX,,,54.80,,,,,54.80,3.00,,,,3,,
SANGITA COLLECTION,FABRIC MH FINE COTTON,67023/2,1330,25-Jul-26,WHITE,,,24.48,,,,,24.48,1,,,,1,,
SANGITA COLLECTION,FABRIC SWASTICK MATTY,JO-244,1259,10-Jun-26,OLIVE,,,45.66,,,,,45.66,1.00,,,,1,,
SANGITA COLLECTION,FABRIC,JO-254,1269,16-Jun-26,MIX,,,75.14,,,,,75.14,3,,,,3,,
SANGITA COLLECTION,FABRIC MH FINE COTTON,JO-283,1298,2-Jul-26,MIX,,,26,,,,,26,1,,,,1,,
SANGITA COLLECTION,FABRIC MH FINE COTTON,67023,1330,25-Jul-26,D.GREY,,,6.00,,,,,6.00,1.00,,,,1,,
SANGITA COLLECTION,FABRIC MH LYCRA SINKER,JO-280,1295,1-Jul-26,MIX,,,55.28,,,,,55.28,2,,,,2,,
SANGITA COLLECTION,FABRIC MH COTTON LYCRA,11806/4,1330,25-Jul-26,OFF WHITE,,,5.02,,,,,5.02,1,,,,1,,
SANGITA COLLECTION,FABRIC MH FINE COTTON,67023/1,1330,25-Jul-26,BLACK,,,30.94,,,,,30.94,1,,,,1,,
SANGITA COLLECTION,FABRIC MH TRC DIESEL,61252,1311,13-Jul-26,MIX,,,18.32,,,,,18.32,1,,,,1,,
SANGITA COLLECTION,FABRIC MH COTTON LYCRA,11806/5,1330,25-Jul-26,BLACK,,,8.06,,,,,8.06,1,,,,1,,
SANGITA COLLECTION,FABRIC MH UK LYCRA,61208,1330,25-Jul-26,WINE,,,3.98,,,,,3.98,1.00,,,,1,,
SANGITA COLLECTION,FABRIC MH TRC SULPHER,61255,1311,13-Jul-26,MIX,,,9.14,,,,,9.14,1,,,,1,,
SANGITA COLLECTION,FABRIC MH COTTON LYCRA,11806/1,1330,25-Jul-26,CREAM,,,5.26,,,,,5.26,1,,,,1,,
SANGITA COLLECTION,FABRIC MH COTTON LYCRA,11806/3,1330,25-Jul-26,ROYAL,,,4.40,,,,,4.40,1.00,,,,1,,
SUNSHINE DYEING,RIB 1/1,JO-267,1282,22-Jun-26,,,,1,,,,,1,1,,,,1,,
SUNSHINE DYEING,FABRIC MH HEAVY COTTON,MH-3832,1023,18-Oct-25,ROYAL,ROYAL,,52,,,,,52,2,,,,2,,
SUNSHINE DYEING,RIB 1/1,MH-1804,671,4-May-24,,,,34.55,,,,,34.55,2,,,,2,,
VIJAY TEXTILES,COLLAR TAPE,JO-174,1190,30-Mar-26,BLACK,,,20,,,,,20,1,,,,1,,
VIJAY TEXTILES,POLY LYCRA S/J,24880,1186,27-Mar-26,B.GREEN,,,106.36,,,,,106.36,5,,,,5,,
VIJAY TEXTILES,POLY LYCRA S/J,24877,1186,27-Mar-26,WHITE,,,103.52,,,,,103.52,5,,,,5,,
VIJAY TEXTILES,POLY LYCRA S/J,24879,1186,27-Mar-26,M.GREY,,,103.34,,,,,103.34,5,,,,5,,
VIJAY TEXTILES,POLY RICE KNIT,24907,1186,27-Mar-26,GREY,,,113.22,,,,,113.22,5,,,,5,,
VIJAY TEXTILES,POLY RICE KNIT,24878,1186,27-Mar-26,BEIGE,,,111.14,,,,,111.14,5,,,,5,,
VIJAY TEXTILES,POLY LYCRA S/J,24893,1186,27-Mar-26,ROYAL,,,104.82,,,,,104.82,5,,,,5,,
VIJAY TEXTILES,POLY LYCRA S/J,24892,1186,27-Mar-26,BLACK,,,211.74,,,,,211.74,10,,,,10,,
VIJAY TEXTILES,POLY RICE KNIT,24893,1186,27-Mar-26,ROYAL,,,117.42,,,,,117.42,5,,,,5,,
VIJAY TEXTILES,POLY LYCRA S/J,24882,1186,27-Mar-26,NAVY,,,104.84,,,,,104.84,5,,,,5,,
VIJAY TEXTILES,POLY LYCRA S/J,24881,1186,27-Mar-26,GREY,,,105.44,,,,,105.44,5,,,,5,,
VIJAY TEXTILES,POLY RICE KNIT,24880,1186,27-Mar-26,B.GREEN,,,106.32,,,,,106.32,5,,,,5,,
VIJAY TEXTILES,POLY RICE KNIT,MH-4020,1186,27-Mar-26,BLACK,,,124.04,,,,,124.04,5,,,,5,,
VIJAY TEXTILES,POLY LYCRA S/J,24878,1186,27-Mar-26,BEIGE,,,104.98,,,,,104.98,5.00,,,,5,,
VIJAY TEXTILES,POLY RICE KNIT,MH-4061,1186,27-Mar-26,NAVY,,,73.92,,,,,73.92,3.00,,,,3,,
VIJAY TEXTILES,POLY RICE KNIT,MH-4072,1186,27-Mar-26,WHITE,,,98.32,,,,,98.32,4,,,,4,,
VIJAY TEXTILES,POLY RICE KNIT,JO-214,1230,14-May-26,GREY,,,40.36,,,,,40.36,2,,,,2,,
,,,,,,,,,,,,,,,,,,,,
Total,,,,,,,,"81,300.12",,"7,573.00",45,7.58,"73,727.12","3,649.00",,25,336,"3,313",,